date,num1,num2[m],something
2021-09-09T05:08:40Z,88.9753,96,lorem
2022-03-08T00:27:23Z,69.0839,71,diam
2021-09-24T14:32:00Z,44.7998,25,et
2021-05-16T11:39:42Z,21.0866,97,leo
2022-01-18T16:38:02Z,29.4408,54,sit
2021-07-19T09:10:26Z,62.3438,64,vel
2021-06-29T11:53:20Z,53.8339,21,lectus
2022-03-24T00:12:43Z,71.5224,5,integer
2021-03-27T04:37:35Z,67.6355,82,at
2022-01-12T05:35:32Z,33.2251,31,rutrum
2021-05-02T20:36:32Z,89.2291,70,sit
2021-10-20T08:06:32Z,87.5131,80,morbi
2021-06-08T22:19:06Z,53.3541,89,posuere
2022-01-07T05:50:45Z,39.2531,29,felis
2021-08-07T16:39:26Z,78.2286,15,vestibulum
2021-06-04T05:29:47Z,66.9868,32,suspendisse
2021-06-12T08:16:55Z,89.4068,64,maecenas
2022-02-22T10:48:23Z,28.1791,2,in
2021-10-24T01:35:37Z,81.0707,20,elementum
2021-09-28T00:56:38Z,65.8527,17,diam
2021-08-31T10:19:32Z,91.4475,83,ac
2021-11-05T06:43:25Z,82.4975,51,id
2022-03-04T07:01:42Z,96.8025,20,ante
2021-07-03T09:08:31Z,89.0327,5,sapien
2022-02-20T03:41:46Z,37.5159,82,dolor
2021-07-13T21:23:08Z,15.0605,35,non
2022-02-27T12:39:29Z,10.1694,97,bibendum
2021-08-25T14:23:53Z,8.6907,76,ut
2021-08-01T16:26:56Z,30.6265,84,venenatis
2022-03-08T03:53:39Z,53.1489,93,blandit
2021-12-25T09:48:30Z,77.0198,3,sed
2022-01-24T23:33:36Z,22.1258,49,justo
2022-02-09T09:35:52Z,99.7955,66,curabitur
2021-03-25T04:12:29Z,15.2393,28,non
2022-01-02T10:21:55Z,52.5827,37,justo
2021-12-05T05:01:39Z,95.4884,63,turpis
2022-02-17T02:09:25Z,71.0959,19,ut
2021-12-10T00:05:11Z,35.1915,25,nunc
2022-02-24T00:11:01Z,81.2059,38,at
2021-07-05T11:36:45Z,80.7488,11,a
2021-04-25T15:05:03Z,95.8281,84,lorem
2021-04-09T07:20:32Z,33.6571,79,ac
2021-11-01T11:04:57Z,51.675,95,non
2021-11-25T18:50:26Z,80.2746,52,lectus
2021-09-10T03:27:08Z,46.353,10,suspendisse
2021-08-21T20:07:46Z,84.5282,70,nulla
2021-07-12T10:59:30Z,17.9802,93,tincidunt
2021-05-12T04:18:09Z,36.401,99,vestibulum
2022-03-05T08:06:23Z,18.3995,70,arcu
2021-12-17T05:33:20Z,13.4298,29,nec
2021-07-03T02:03:01Z,45.567,48,lobortis
2022-02-05T20:17:23Z,67.5774,5,orci
2021-12-28T06:06:17Z,7.5169,19,convallis
2022-01-21T00:32:53Z,41.0602,100,in
2021-12-10T12:58:02Z,71.7373,13,pellentesque
2021-08-04T18:54:52Z,17.1272,38,quam
2021-09-04T13:16:33Z,33.5288,46,ut
2021-10-01T08:43:55Z,35.9866,17,turpis
2021-06-17T07:52:43Z,95.6679,47,pede
2021-11-12T00:13:08Z,58.6979,76,duis
2021-12-23T06:49:41Z,72.4442,16,eget
2021-06-25T00:14:23Z,41.7052,65,scelerisque
2021-06-29T02:24:19Z,30.5739,53,ante
2022-03-23T19:28:12Z,92.4419,80,vivamus
2021-11-11T02:42:49Z,51.7297,52,suscipit
2022-03-09T17:22:24Z,91.4346,5,ultrices
2022-01-20T11:20:43Z,92.5783,45,ante
2021-12-20T06:23:12Z,40.4941,87,sit
2022-03-02T12:33:32Z,40.4718,90,nulla
2021-05-05T10:42:59Z,75.1397,50,mauris
2021-09-19T21:43:14Z,10.9993,87,at
2021-10-28T21:45:15Z,18.8577,16,nibh
2022-02-11T17:52:50Z,16.7571,100,porta
2021-11-16T21:30:57Z,63.052,3,amet
2021-07-19T17:33:18Z,85.3195,78,ut
2022-02-28T10:10:26Z,69.6619,56,phasellus
2021-10-17T23:26:15Z,63.4301,59,sapien
2021-12-21T20:53:35Z,53.6559,38,metus
2021-12-20T18:11:17Z,52.6242,74,magna
2021-07-28T20:58:04Z,71.2255,40,dui
2021-12-02T11:21:18Z,6.9371,22,ante
2021-07-17T13:25:10Z,53.7411,85,justo
2021-04-06T23:06:51Z,23.5442,15,semper
2021-12-24T02:46:50Z,91.6321,33,aliquam
2021-07-01T17:30:56Z,60.8438,7,consequat
2021-12-25T11:58:17Z,87.2377,51,volutpat
2021-06-24T11:06:45Z,75.1786,93,vel
2022-02-09T07:09:11Z,53.2438,85,phasellus
2022-01-28T02:42:43Z,59.2855,22,amet
2021-06-02T06:36:06Z,54.7081,98,non
2021-06-27T20:49:05Z,98.9788,1,nunc
2022-01-24T07:20:39Z,70.7785,96,vulputate
2021-08-21T08:46:15Z,27.0962,37,ut
2021-05-21T20:37:59Z,90.3841,49,id
2021-12-01T01:29:36Z,87.2584,87,quam
2021-06-09T00:34:17Z,46.6148,3,leo
2021-12-11T04:51:00Z,27.1248,10,consectetuer
2021-11-07T08:38:54Z,89.9919,43,volutpat
2021-07-18T00:16:30Z,53.9987,57,sed
2021-10-04T16:46:29Z,75.8503,71,tristique
